,time_index,feature_1,feature_2,feature_3,feature_total
time_index,0.0,2.2323120260716898e-73,2.4208884792213254e-54,2.0750887783736897e-37,5.427468166548668e-70
feature_1,2.2323120260716898e-73,0.0,1.7869695306721717e-56,1.7938412182684642e-33,3.191735739533382e-77
feature_2,2.4208884792213254e-54,1.7869695306721717e-56,0.0,7.785469921797672e-31,6.3418284502661696e-83
feature_3,2.0750887783736897e-37,1.7938412182684642e-33,7.785469921797672e-31,0.0,1.2713744622287184e-34
feature_total,5.427468166548668e-70,3.191735739533382e-77,6.3418284502661696e-83,1.2713744622287184e-34,0.0
