entity_id,time_index,group,feature_1,feature_2,feature_3,feature_total
E039,39,control,50.98614132547927,41.94019245074775,30.46766097022484,92.926333776227
E039,39,control,54.43130413321434,42.948765967264514,29.931428327694253,97.38007010047886
