entity_id,time_index,group,feature_1,feature_2,feature_3,feature_total
E016,16,control,46.30955658165688,36.51950166702723,28.464190252189105,65.8290582486841
E018,18,control,,41.86364392655404,26.67171500446972,88.35410220473025
E019,19,control,,48.7135485601816,28.276608951393204,99.4461392230576
E037,37,control,52.14931559315927,,27.66490167655974,96.84100250746872
E053,53,control,18.0,43.26116487191572,31.30793815042506,95.65542206823324
E088,88,treatment,73.06748706120092,58.69468743283462,34.08468378132205,153.76217449403555
E089,89,treatment,135.0,60.76216962475354,32.62177796040175,135.13981227434653
E115,115,treatment,80.75868491697051,,37.65588891566168,147.36213235071332
