,feature_1,feature_2,feature_3
feature_1,0.0,1.9171336968764507e-36,3.5729519124339003e-25
feature_2,1.9171336968764507e-36,0.0,5.1774812002236584e-23
feature_3,3.5729519124339003e-25,5.1774812002236584e-23,0.0
