,feature_1,feature_2,feature_3
feature_1,0.0,6.390445656254835e-37,2.3819679416226003e-25
feature_2,6.390445656254835e-37,0.0,5.1774812002236584e-23
feature_3,2.3819679416226003e-25,5.1774812002236584e-23,0.0
