entity_id,time_index,group,feature_1,feature_2,feature_3,feature_total
E089,89,treatment,135.0,60.76216962475354,32.62177796040175,135.13981227434653
