,feature_1,feature_2,feature_3
feature_1,1.0,0.9441125591050628,0.8463291444348274
feature_2,0.9441125591050628,1.0,0.8273458014235681
feature_3,0.8463291444348274,0.8273458014235681,1.0
