entity_id,time_index,group,feature_1,feature_2,feature_3,feature_total
E018,18,control,,41.86364392655404,26.67171500446972,88.35410220473025
E019,19,control,,48.7135485601816,28.276608951393204,99.4461392230576
E053,53,control,18.0,43.26116487191572,31.30793815042506,95.65542206823324
E089,89,treatment,135.0,60.76216962475354,32.62177796040175,135.13981227434653
