,feature_1,feature_2,feature_3
feature_1,0.0,8.93484765336187e-57,1.6144570964416018e-33
feature_2,8.93484765336187e-57,0.0,7.7854699217980155e-31
feature_3,1.6144570964416018e-33,7.7854699217980155e-31,0.0
