,feature_1,feature_2,feature_3
feature_1,1.0,0.7976011994002997,0.6479791395045633
feature_2,0.7976011994002997,1.0,0.6152397508329712
feature_3,0.6479791395045633,0.6152397508329712,1.0
