,feature_1,feature_2,feature_3
feature_1,1.0,0.9441125591050629,0.8463291444348273
feature_2,0.9441125591050629,1.0,0.8273458014235681
feature_3,0.8463291444348273,0.8273458014235681,1.0
