,feature_1,feature_2,feature_3
feature_1,0.0,2.6804542960082573e-56,2.421685644662509e-33
feature_2,2.6804542960082573e-56,0.0,7.785469921797989e-31
feature_3,2.421685644662509e-33,7.785469921797989e-31,0.0
